[{
  "name":"AIProvider",
  "action":"upsert",
  "data":[{
    "aiPrvProvider":"Mistral AI",
    "aiPrvDefaultUrl":"https://api.mistral.ai/",
    "aiPrvDataModel":"{}",
    "aiPrvModelsUrl":"https://api.mistral.ai/v1/models",
    "aiPrvHelp":"### Finding Your API Key\n\n**Sign In to Mistral AI:**\n- Go to the [Mistral AI website](https://console.mistral.ai/) and sign in with your credentials.\n\n**Access API Keys:**\n- Navigate to the [API keys section](https://console.mistral.ai/api-keys/) on your dashboard.\n- Generate a new API key if you don't have one, or copy your existing API key.\n\n---\n\n### Default Endpoints\n\nFor standard deployments, use the following endpoints:\n\n\n**Models Endpoint:**\n- **URL:** `https://api.mistral.ai/v1/models`\n- **Purpose:** Retrieve a list of available AI models.\n\n**Completion Endpoint:**\n- **URL:** `https://api.mistral.ai/v1/chat/completions`\n- **Purpose:** Generate text based on a given prompt.\n\n**Ping Endpoint:**\n- **URL:** `https://api.mistral.ai/v1/models`\n- **Purpose:** This endpoint is used to check the availability of the Mistral AI server. Note that Mistral AI doesn't provide a specific ping endpoint. We use the models endpoint to check credentials, but it does not verify the availability of tokens or remaining usage limits. It primarily checks server availability.\n\n\n### Security Tips\n\n- **Keep Your API Key Secure:** Do not expose your API key in client-side code or public repositories.\n- **Rotate API Keys Regularly:** Periodically change your API key to enhance security.\n- **Monitor Usage:** Keep track of your [API usage](https://console.mistral.ai/usage/) to ensure you stay within your usage limits.\n- **Set Limits for Projects:** Define usage limits and quotas for using the API to prevent unexpected usage spikes and ensure budget control.",
    "aiPrvCompletionUrl":"https://api.mistral.ai/v1/chat/completions",
    "aiPrvPingUrl":"https://api.mistral.ai/v1/models",
    "aiPrvSttUrl":""
  }]
},{
  "name":"AIProvider",
  "action":"upsert",
  "data":[{
    "aiPrvProvider":"Open AI",
    "aiPrvDefaultUrl":"https://api.openai.com/",
    "aiPrvDataModel":"{\n    \"OpenAI-Project\": {\n        \"help\": \"Unique identifier for your OpenAI project. You can find it in your OpenAI projects dashboard: [OpenAI Projects Dashboard](https://platform.openai.com/settings/organization/general), under the Project => General tab.\",\n        \"defaultValue\": \"\",\n        \"label\": {\n            \"FRA\": \"Identifiant du projet OpenAI\",\n            \"ENU\": \"OpenAI Project ID\"\n        },\n        \"type\": \"text\"\n    },\n    \"OpenAI-Organization\": {\n        \"help\": \"Unique identifier for your OpenAI organization. You can find it in your OpenAI organization dashboard: [OpenAI Organization Dashboard](https://platform.openai.com/settings/organization/general).\",\n        \"defaultValue\": \"\",\n        \"label\": {\n            \"FRA\": \"Identifiant de l'Organisation OpenAI\",\n            \"ENU\": \"OpenAI Organization ID\"\n        },\n        \"type\": \"text\"\n    }\n}",
    "aiPrvModelsUrl":"https://api.openai.com/v1/models",
    "aiPrvHelp":"### Finding Your API Key\n\n**Sign In to OpenAI:**\n- Go to the [OpenAI website](https://platform.openai.com/) and sign in with your credentials.\n\n**Access API Keys:**\n- Navigate to the [API keys section](https://platform.openai.com/account/api-keys).\n- Generate a new API key if you don't have one, or copy your existing API key.\n\n---\n\n### Default Endpoints\n\nFor standard deployments, use the following endpoints:\n\n**Ping Endpoint:**\n- **URL:** `https://api.openai.com/v1/models`\n- **Purpose:** This endpoint is used to check the availability of the OpenAI server. Note that OpenAI doesn't provide a ping endpoint. We use the models endpoint to check credentials, but it does not verify the availability of tokens or remaining usage limits. It primarily checks server availability.\n\n**Models Endpoint:**\n- **URL:** `https://api.openai.com/v1/models`\n- **Purpose:** Retrieve a list of available AI models.\n\n**Completion Endpoint:**\n- **URL:** `https://api.openai.com/v1/completions`\n- **Purpose:** Generate text based on a given prompt.\n\n### Security Tips\n\n- **Keep Your API Key Secure:** Do not expose your API key in client-side code or public repositories.\n- **Rotate API Keys Regularly:** Periodically change your API key to enhance security.\n- **Monitor Usage:** Keep track of your API usage to ensure you stay within your usage limits on [Organization usage](https://platform.openai.com/organization/usage).\n- **Set Limits for Projects:** Define usage limits and quotas for each project or application using the API to prevent unexpected usage spikes and ensure budget control.",
    "aiPrvCompletionUrl":"https://api.openai.com/v1/chat/completions",
    "aiPrvPingUrl":"https://api.openai.com/v1/models",
    "aiPrvSttUrl":"https://api.openai.com/v1/audio/transcriptions"
  }]
}]